registration_no,image_link
KA53D9637,http://203.201.61.110:7274/violation_images/2025/Nov/29/KA53D9637_1764380876189.jpg
KA12Z4361,http://203.201.61.110:7274/violation_images/2025/Nov/29/KA12Z4361_1764401305023.jpg
KA09D2492,http://203.201.61.110:7274/violation_images/2025/Nov/29/KA09D2492_1764384110034.jpg
KA03NH7041,http://203.201.61.110:7274/violation_images/2025/Nov/29/KA03NH7041_1764405163439.jpg
KA45A3451,http://203.201.61.110:7274/violation_images/2025/Nov/29/KA45A3451_1764378970821.jpg
KA09MH6080,http://203.201.61.110:7274/violation_images/2025/Nov/29/KA09MH6080_1764405163519.jpg
KA14Z9184,http://203.201.61.110:7274/violation_images/2025/Nov/29/KA14Z9184_1764393762478.jpg
KA09F5217,http://203.201.61.110:7274/violation_images/2025/Nov/29/KA09F5217_1764404643249.jpg
KA51AD6935,http://203.201.61.110:7274/violation_images/2025/Nov/29/KA51AD6935_1764379100373.jpg
KA03NQ7070,http://203.201.61.110:7274/violation_images/2025/Nov/29/KA03NQ7070_1764381258387.jpg
KA01AM4217,http://203.201.61.110:7274/violation_images/2025/Nov/29/KA01AM4217_1764395796460.jpg
KA12MB4836,http://203.201.61.110:7274/violation_images/2025/Nov/29/KA12MB4836_1764392763594.jpg
KA51AG4224,http://203.201.61.110:7274/violation_images/2025/Nov/29/KA51AG4224_1764403677609.jpg
KA10M5785,http://203.201.61.110:7274/violation_images/2025/Nov/29/KA10M5785_1764406106590.jpg
KA53MC1322,http://203.201.61.110:7274/violation_images/2025/Nov/29/KA53MC1322_1764382919449.jpg
KA20AB0984,http://203.201.61.110:7274/violation_images/2025/Nov/28/KA20AB0984_1764305565203.jpg
KA03MR7097,http://203.201.61.110:7274/violation_images/2025/Nov/28/KA03MR7097_1764297393113.jpg
KA51C7247,http://203.201.61.110:7274/violation_images/2025/Nov/28/KA51C7247_1764294755793.jpg
KA09AA3058,http://203.201.61.110:7274/violation_images/2025/Nov/28/KA09AA3058_1764292973661.jpg
KA09MC8827,http://203.201.61.110:7274/violation_images/2025/Nov/28/KA09MC8827_1764292973730.jpg
KA51ML7669,http://203.201.61.110:7274/violation_images/2025/Nov/28/KA51ML7669_1764303934259.jpg
KA09Z0024,http://203.201.61.110:7274/violation_images/2025/Nov/28/KA09Z0024_1764300874550.jpg
KA02P7804,http://203.201.61.110:7274/violation_images/2025/Nov/28/KA02P7804_1764305499964.jpg
KA09MC7128,http://203.201.61.110:7274/violation_images/2025/Nov/28/KA09MC7128_1764300990736.jpg
KA57F1305,http://203.201.61.110:7274/violation_images/2025/Nov/28/KA57F1305_1764294404501.jpg
KA03AD3148,http://203.201.61.110:7274/violation_images/2025/Nov/28/KA03AD3148_1764299638898.jpg
KA09MB1433,http://203.201.61.110:7274/violation_images/2025/Nov/28/KA09MB1433_1764298590249.jpg
KA11N8207,http://203.201.61.110:7274/violation_images/2025/Nov/28/KA11N8207_1764299820769.jpg
KA16D9102,http://203.201.61.110:7274/violation_images/2025/Nov/28/KA16D9102_1764293605033.jpg
KA09MH7746,http://203.201.61.110:7274/violation_images/2025/Nov/28/KA09MH7746_1764296340031.jpg
KA09Z7204,http://203.201.61.110:7274/violation_images/2025/Nov/28/KA09Z7204_1764299820818.jpg
KA05AA6758,http://203.201.61.110:7274/violation_images/2025/Nov/28/KA05AA6758_1764325857206.jpg
KA51MH0365,http://203.201.61.110:7274/violation_images/2025/Nov/29/KA51MH0365_1764384644516.jpg
KA20B9483,http://203.201.61.110:7274/violation_images/2025/Nov/29/KA20B9483_1764392848755.jpg
KA52N2191,http://203.201.61.110:7274/violation_images/2025/Nov/29/KA52N2191_1764387712726.jpg
KA04ME6264,http://203.201.61.110:7274/violation_images/2025/Nov/29/KA04ME6264_1764402696364.jpg
KA13Z5517,http://203.201.61.110:7274/violation_images/2025/Nov/29/KA13Z5517_1764391788289.jpg
KA09MH6988,http://203.201.61.110:7274/violation_images/2025/Nov/29/KA09MH6988_1764406480298.jpg
KA02MP2290,http://203.201.61.110:7274/violation_images/2025/Nov/29/KA02MP2290_1764393872433.jpg
KA10A0362,http://203.201.61.110:7274/violation_images/2025/Nov/29/KA10A0362_1764398071143.jpg
KA03MC8344,http://203.201.61.110:7274/violation_images/2025/Nov/29/KA03MC8344_1764390358309.jpg
KA09MG4771,http://203.201.61.110:7274/violation_images/2025/Nov/29/KA09MG4771_1764380195490.jpg
KA09N2638,http://203.201.61.110:7274/violation_images/2025/Nov/29/KA09N2638_1764381258322.jpg
KA09MB1667,http://203.201.61.110:7274/violation_images/2025/Nov/29/KA09MB1667_1764392579019.jpg
KA09MC7852,http://203.201.61.110:7274/violation_images/2025/Nov/29/KA09MC7852_1764403742300.jpg
KA21Z0310,http://203.201.61.110:7274/violation_images/2025/Nov/29/KA21Z0310_1764389008303.jpg
KA03MU8266,http://203.201.61.110:7274/violation_images/2025/Nov/29/KA03MU8266_1764391620825.jpg
KA09N6906,http://203.201.61.110:7274/violation_images/2025/Nov/29/KA09N6906_1764396728203.jpg
KA19A5389,http://203.201.61.110:7274/violation_images/2025/Nov/29/KA19A5389_1764378269644.jpg
KA05MM2781,http://203.201.61.110:7274/violation_images/2025/Nov/29/KA05MM2781_1764395437715.jpg
KA09N5428,http://203.201.61.110:7274/violation_images/2025/Nov/29/KA09N5428_1764403129540.jpg
KA05MA8833,http://203.201.61.110:7274/violation_images/2025/Nov/29/KA05MA8833_1764390358306.jpg
KA02MF6953,http://203.201.61.110:7274/violation_images/2025/Nov/29/KA02MF6953_1764382253403.jpg
KA03MP0436,http://203.201.61.110:7274/violation_images/2025/Nov/29/KA03MP0436_1764403551386.jpg
KA13N8152,http://203.201.61.110:7274/violation_images/2025/Nov/29/KA13N8152_1764396728216.jpg
KA02MS2838,http://203.201.61.110:7274/violation_images/2025/Nov/29/KA02MS2838_1764387841895.jpg
KA05MR0024,http://203.201.61.110:7274/violation_images/2025/Nov/29/KA05MR0024_1764387340906.jpg
KA18Z9361,http://203.201.61.110:7274/violation_images/2025/Nov/29/KA18Z9361_1764382919405.jpg
KA01G6121,http://203.201.61.110:7274/violation_images/2025/Nov/29/KA01G6121_1764405035839.jpg
KA34C6266,http://203.201.61.110:7274/violation_images/2025/Nov/29/KA34C6266_1764388445833.jpg
KA20MC7024,http://203.201.61.110:7274/violation_images/2025/Nov/29/KA20MC7024_1764405785987.jpg
KA02AH8229,http://203.201.61.110:7274/violation_images/2025/Nov/29/KA02AH8229_1764390234515.jpg
KA09F4774,http://203.201.61.110:7274/violation_images/2025/Nov/29/KA09F4774_1764384398358.jpg
KA55A1691,http://203.201.61.110:7274/violation_images/2025/Nov/29/KA55A1691_1764393359786.jpg
KA05MZ6473,http://203.201.61.110:7274/violation_images/2025/Nov/29/KA05MZ6473_1764386820311.jpg
KA09AA0262,http://203.201.61.110:7274/violation_images/2025/Nov/29/KA09AA0262_1764380195599.jpg
KA05AD4216,http://203.201.61.110:7274/violation_images/2025/Nov/29/KA05AD4216_1764402405689.jpg
KA09MA2510,http://203.201.61.110:7274/violation_images/2025/Nov/29/KA09MA2510_1764406106572.jpg
KA19D6084,http://203.201.61.110:7274/violation_images/2025/Nov/29/KA19D6084_1764383137058.jpg
KA04MS9264,http://203.201.61.110:7274/violation_images/2025/Nov/29/KA04MS9264_1764390991554.jpg
KA02ML0295,http://203.201.61.110:7274/violation_images/2025/Nov/29/KA02ML0295_1764403677685.jpg
KA05MC3233,http://203.201.61.110:7274/violation_images/2025/Nov/29/KA05MC3233_1764403129632.jpg
KA09MG4498,http://203.201.61.110:7274/violation_images/2025/Nov/29/KA09MG4498_1764406888171.jpg
KA09MC4452,http://203.201.61.110:7274/violation_images/2025/Nov/29/KA09MC4452_1764395201026.jpg
KA55M5173,http://203.201.61.110:7274/violation_images/2025/Nov/29/KA55M5173_1764395498216.jpg
KA50Z4867,http://203.201.61.110:7274/violation_images/2025/Nov/29/KA50Z4867_1764392371393.jpg
KA14B6595,http://203.201.61.110:7274/violation_images/2025/Nov/29/KA14B6595_1764402013160.jpg
KA20M5869,http://203.201.61.110:7274/violation_images/2025/Nov/29/KA20M5869_1764379740903.jpg
KA18P1724,http://203.201.61.110:7274/violation_images/2025/Nov/29/KA18P1724_1764392763497.jpg
KA09MF3859,http://203.201.61.110:7274/violation_images/2025/Nov/29/KA09MF3859_1764389215944.jpg
KA13B9210,http://203.201.61.110:7274/violation_images/2025/Nov/29/KA13B9210_1764392704727.jpg
KA09AA3826,http://203.201.61.110:7274/violation_images/2025/Nov/29/KA09AA3826_1764385833947.jpg
KA09C1947,http://203.201.61.110:7274/violation_images/2025/Nov/29/KA09C1947_1764390358292.jpg
KA11B5645,http://203.201.61.110:7274/violation_images/2025/Nov/29/KA11B5645_1764390991641.jpg
KA09F5018,http://203.201.61.110:7274/violation_images/2025/Nov/29/KA09F5018_1764394890446.jpg
KA11F0240,http://203.201.61.110:7274/violation_images/2025/Nov/29/KA11F0240_1764388532617.jpg
KA15N6308,http://203.201.61.110:7274/violation_images/2025/Nov/29/KA15N6308_1764402214162.jpg
KA44M9128,http://203.201.61.110:7274/violation_images/2025/Nov/29/KA44M9128_1764405529748.jpg
KA12MB1155,http://203.201.61.110:7274/violation_images/2025/Nov/29/KA12MB1155_1764384339523.jpg
KA04MZ6819,http://203.201.61.110:7274/violation_images/2025/Nov/29/KA04MZ6819_1764405295085.jpg
KA09MG1763,http://203.201.61.110:7274/violation_images/2025/Nov/29/KA09MG1763_1764385834028.jpg
KA02MM6388,http://203.201.61.110:7274/violation_images/2025/Nov/29/KA02MM6388_1764390461920.jpg
KA35P0874,http://203.201.61.110:7274/violation_images/2025/Nov/29/KA35P0874_1764392044953.jpg
KA55M6248,http://203.201.61.110:7274/violation_images/2025/Nov/29/KA55M6248_1764390692826.jpg
KA41N7692,http://203.201.61.110:7274/violation_images/2025/Nov/29/KA41N7692_1764388903145.jpg
KA53A1660,http://203.201.61.110:7274/violation_images/2025/Nov/29/KA53A1660_1764379496299.jpg
KA09MH5299,http://203.201.61.110:7274/violation_images/2025/Nov/29/KA09MH5299_1764397467943.jpg
KA02MS4585,http://203.201.61.110:7274/violation_images/2025/Nov/29/KA02MS4585_1764386063453.jpg
KA04MJ6661,http://203.201.61.110:7274/violation_images/2025/Nov/29/KA04MJ6661_1764389168669.jpg
KA52B2199,http://203.201.61.110:7274/violation_images/2025/Nov/29/KA52B2199_1764406106560.jpg
KA09MA5530,http://203.201.61.110:7274/violation_images/2025/Nov/29/KA09MA5530_1764389499399.jpg
KA41MC1042,http://203.201.61.110:7274/violation_images/2025/Nov/29/KA41MC1042_1764404782791.jpg
KA09A9575,http://203.201.61.110:7274/violation_images/2025/Nov/29/KA09A9575_1764380633783.jpg
KA09Z8755,http://203.201.61.110:7274/violation_images/2025/Nov/29/KA09Z8755_1764386063312.jpg
KA09MG5088,http://203.201.61.110:7274/violation_images/2025/Nov/29/KA09MG5088_1764385425038.jpg
KA11B5117,http://203.201.61.110:7274/violation_images/2025/Nov/29/KA11B5117_1764386521673.jpg
KA09MH5124,http://203.201.61.110:7274/violation_images/2025/Nov/29/KA09MH5124_1764406185528.jpg
KA13N5949,http://203.201.61.110:7274/violation_images/2025/Nov/29/KA13N5949_1764395360946.jpg
KA55M2358,http://203.201.61.110:7274/violation_images/2025/Nov/29/KA55M2358_1764404346799.jpg
KA05MA1528,http://203.201.61.110:7274/violation_images/2025/Nov/29/KA05MA1528_1764390027466.jpg
KA09F5363,http://203.201.61.110:7274/violation_images/2025/Nov/29/KA09F5363_1764391304722.jpg
KA10M2993,http://203.201.61.110:7274/violation_images/2025/Nov/29/KA10M2993_1764390601612.jpg
KA51MK8017,http://203.201.61.110:7274/violation_images/2025/Nov/29/KA51MK8017_1764390692804.jpg
KA09G0887,http://203.201.61.110:7274/violation_images/2025/Nov/29/KA09G0887_1764394278572.jpg
KA16P2838,http://203.201.61.110:7274/violation_images/2025/Nov/29/KA16P2838_1764405597979.jpg
KA53MD6043,http://203.201.61.110:7274/violation_images/2025/Nov/29/KA53MD6043_1764388603775.jpg
KA05MA4461,http://203.201.61.110:7274/violation_images/2025/Nov/29/KA05MA4461_1764382710160.jpg
KA09F4773,http://203.201.61.110:7274/violation_images/2025/Nov/29/KA09F4773_1764394550386.jpg
KA45G0049,http://203.201.61.110:7274/violation_images/2025/Nov/29/KA45G0049_1764403821547.jpg
KA01MQ1097,http://203.201.61.110:7274/violation_images/2025/Nov/29/KA01MQ1097_1764396728245.jpg
KA05MD1580,http://203.201.61.110:7274/violation_images/2025/Nov/29/KA05MD1580_1764383259480.jpg
KA09MG5373,http://203.201.61.110:7274/violation_images/2025/Nov/29/KA09MG5373_1764383793622.jpg
KA09F4816,http://203.201.61.110:7274/violation_images/2025/Nov/29/KA09F4816_1764382710118.jpg
KA02MS3548,http://203.201.61.110:7274/violation_images/2025/Nov/29/KA02MS3548_1764406888303.jpg
KA09MF8588,http://203.201.61.110:7274/violation_images/2025/Nov/29/KA09MF8588_1764378656043.jpg
KA09N4416,http://203.201.61.110:7274/violation_images/2025/Nov/29/KA09N4416_1764401960304.jpg
KA04MN7043,http://203.201.61.110:7274/violation_images/2025/Nov/29/KA04MN7043_1764386660687.jpg
KA05MB1391,http://203.201.61.110:7274/violation_images/2025/Nov/29/KA05MB1391_1764394379391.jpg
KA53MF7432,http://203.201.61.110:7274/violation_images/2025/Nov/29/KA53MF7432_1764405418254.jpg
KA35D3246,http://203.201.61.110:7274/violation_images/2025/Nov/29/KA35D3246_1764390601605.jpg
KA09G0821,http://203.201.61.110:7274/violation_images/2025/Nov/29/KA09G0821_1764381421222.jpg
KA36M8102,http://203.201.61.110:7274/violation_images/2025/Nov/29/KA36M8102_1764390234409.jpg
KA55M2284,http://203.201.61.110:7274/violation_images/2025/Nov/29/KA55M2284_1764385425049.jpg
KA34A4942,http://203.201.61.110:7274/violation_images/2025/Nov/29/KA34A4942_1764380633748.jpg
KA51AJ0541,http://203.201.61.110:7274/violation_images/2025/Nov/29/KA51AJ0541_1764376747192.jpg
KA09F4791,http://203.201.61.110:7274/violation_images/2025/Nov/29/KA09F4791_1764394890466.jpg
KA10M3604,http://203.201.61.110:7274/violation_images/2025/Nov/29/KA10M3604_1764388158084.jpg
KA41MD7748,http://203.201.61.110:7274/violation_images/2025/Nov/29/KA41MD7748_1764379594461.jpg
KA09AA4652,http://203.201.61.110:7274/violation_images/2025/Nov/29/KA09AA4652_1764379496275.jpg
KA09P3981,http://203.201.61.110:7274/violation_images/2025/Nov/29/KA09P3981_1764382777395.jpg
KA34M1313,http://203.201.61.110:7274/violation_images/2025/Nov/29/KA34M1313_1764383793526.jpg
KA09MG8452,http://203.201.61.110:7274/violation_images/2025/Nov/29/KA09MG8452_1764404919266.jpg
KA51AB6211,http://203.201.61.110:7274/violation_images/2025/Nov/29/KA51AB6211_1764406106572.jpg
KA04MK8657,http://203.201.61.110:7274/violation_images/2025/Nov/29/KA04MK8657_1764404346965.jpg
KA03MU1830,http://203.201.61.110:7274/violation_images/2025/Nov/29/KA03MU1830_1764389268178.jpg
KA02MP6377,http://203.201.61.110:7274/violation_images/2025/Nov/29/KA02MP6377_1764389499666.jpg
KA19MA5808,http://203.201.61.110:7274/violation_images/2025/Nov/29/KA19MA5808_1764387588473.jpg
KA16P6851,http://203.201.61.110:7274/violation_images/2025/Nov/29/KA16P6851_1764393092155.jpg
KA41P3289,http://203.201.61.110:7274/violation_images/2025/Nov/29/KA41P3289_1764402466616.jpg
KA01MF7803,http://203.201.61.110:7274/violation_images/2025/Nov/29/KA01MF7803_1764404175832.jpg
KA09ME0428,http://203.201.61.110:7274/violation_images/2025/Nov/29/KA09ME0428_1764389960127.jpg
KA50MB8384,http://203.201.61.110:7274/violation_images/2025/Nov/29/KA50MB8384_1764391856749.jpg
KA09MD2924,http://203.201.61.110:7274/violation_images/2025/Nov/29/KA09MD2924_1764389666480.jpg
KA03NC3456,http://203.201.61.110:7274/violation_images/2025/Nov/29/KA03NC3456_1764389380981.jpg
KA14MA8842,http://203.201.61.110:7274/violation_images/2025/Nov/29/KA14MA8842_1764391696761.jpg
KA40F0856,http://203.201.61.110:7274/violation_images/2025/Nov/29/KA40F0856_1764383259739.jpg
KA09MG5367,http://203.201.61.110:7274/violation_images/2025/Nov/29/KA09MG5367_1764393635417.jpg
KA01MH3992,http://203.201.61.110:7274/violation_images/2025/Nov/29/KA01MH3992_1764404782815.jpg
KA51MK5223,http://203.201.61.110:7274/violation_images/2025/Nov/29/KA51MK5223_1764402289128.jpg
KA04AC0970,http://203.201.61.110:7274/violation_images/2025/Nov/29/KA04AC0970_1764384110095.jpg
KA09MF1706,http://203.201.61.110:7274/violation_images/2025/Nov/29/KA09MF1706_1764392371303.jpg
KA03NG0727,http://203.201.61.110:7274/violation_images/2025/Nov/29/KA03NG0727_1764390136826.jpg
KA16P4299,http://203.201.61.110:7274/violation_images/2025/Nov/29/KA16P4299_1764402842847.jpg
KA09B2528,http://203.201.61.110:7274/violation_images/2025/Nov/29/KA09B2528_1764394701373.jpg
KA04MA1362,http://203.201.61.110:7274/violation_images/2025/Nov/29/KA04MA1362_1764403050792.jpg
KA09Z0442,http://203.201.61.110:7274/violation_images/2025/Nov/29/KA09Z0442_1764387651602.jpg
KA02AE0982,http://203.201.61.110:7274/violation_images/2025/Nov/29/KA02AE0982_1764395058587.jpg
KA34M5912,http://203.201.61.110:7274/violation_images/2025/Nov/29/KA34M5912_1764385834189.jpg
KA53Z9879,http://203.201.61.110:7274/violation_images/2025/Nov/29/KA53Z9879_1764386966216.jpg
KA09MD6763,http://203.201.61.110:7274/violation_images/2025/Nov/29/KA09MD6763_1764402153097.jpg
KA03M6557,http://203.201.61.110:7274/violation_images/2025/Nov/29/KA03M6557_1764388018171.jpg
KA09Z2900,http://203.201.61.110:7274/violation_images/2025/Nov/29/KA09Z2900_1764387486792.jpg
KA09MB0125,http://203.201.61.110:7274/violation_images/2025/Nov/29/KA09MB0125_1764402405711.jpg
KA09MF0631,http://203.201.61.110:7274/violation_images/2025/Nov/29/KA09MF0631_1764386275340.jpg
KA04MX4527,http://203.201.61.110:7274/violation_images/2025/Nov/29/KA04MX4527_1764394615085.jpg
KA05MW2448,http://203.201.61.110:7274/violation_images/2025/Nov/29/KA05MW2448_1764391620830.jpg
KA53MC5218,http://203.201.61.110:7274/violation_images/2025/Nov/29/KA53MC5218_1764406888241.jpg
KA04MS2510,http://203.201.61.110:7274/violation_images/2025/Nov/29/KA04MS2510_1764392151904.jpg
KA05NG0376,http://203.201.61.110:7274/violation_images/2025/Nov/29/KA05NG0376_1764385322462.jpg
KA03NQ1569,http://203.201.61.110:7274/violation_images/2025/Nov/29/KA03NQ1569_1764392578995.jpg
KA09N7256,http://203.201.61.110:7274/violation_images/2025/Nov/29/KA09N7256_1764386820562.jpg
KA02ML9628,http://203.201.61.110:7274/violation_images/2025/Nov/29/KA02ML9628_1764390358360.jpg
KA03MH7412,http://203.201.61.110:7274/violation_images/2025/Nov/29/KA03MH7412_1764385061758.jpg
KA09ME4992,http://203.201.61.110:7274/violation_images/2025/Nov/29/KA09ME4992_1764419484012.jpg
KA55M1329,http://203.201.61.110:7274/violation_images/2025/Nov/29/KA55M1329_1764418713491.jpg
KA12MA7100,http://203.201.61.110:7274/violation_images/2025/Nov/29/KA12MA7100_1764418096179.jpg
KA01AN3988,http://203.201.61.110:7274/violation_images/2025/Nov/29/KA01AN3988_1764385834157.jpg
KA53N1470,http://203.201.61.110:7274/violation_images/2025/Nov/29/KA53N1470_1764404855486.jpg
KA03AG0658,http://203.201.61.110:7274/violation_images/2025/Nov/29/KA03AG0658_1764388230568.jpg
KA01MQ8623,http://203.201.61.110:7274/violation_images/2025/Nov/29/KA01MQ8623_1764386435004.jpg
KA51MG3872,http://203.201.61.110:7274/violation_images/2025/Nov/29/KA51MG3872_1764394278329.jpg
KA05MM3293,http://203.201.61.110:7274/violation_images/2025/Nov/29/KA05MM3293_1764382919494.jpg
KA03MG1658,http://203.201.61.110:7274/violation_images/2025/Nov/29/KA03MG1658_1764406798132.jpg
KA09MC6482,http://203.201.61.110:7274/violation_images/2025/Nov/29/KA09MC6482_1764402466614.jpg
KA09ME4150,http://203.201.61.110:7274/violation_images/2025/Nov/29/KA09ME4150_1764401355946.jpg
KA09MC8012,http://203.201.61.110:7274/violation_images/2025/Nov/29/KA09MC8012_1764404074197.jpg
KA09MB8826,http://203.201.61.110:7274/violation_images/2025/Nov/29/KA09MB8826_1764393441704.jpg
KA50MB5348,http://203.201.61.110:7274/violation_images/2025/Nov/29/KA50MB5348_1764379594477.jpg
KA51ML2757,http://203.201.61.110:7274/violation_images/2025/Nov/29/KA51ML2757_1764392579061.jpg
KA05MV1816,http://203.201.61.110:7274/violation_images/2025/Nov/29/KA05MV1816_1764404782807.jpg
KA04MU1621,http://203.201.61.110:7274/violation_images/2025/Nov/29/KA04MU1621_1764388230825.jpg
KA10F0249,http://203.201.61.110:7274/violation_images/2025/Nov/29/KA10F0249_1764401761320.jpg
KA11B7021,http://203.201.61.110:7274/violation_images/2025/Nov/29/KA11B7021_1764383259463.jpg
KA01MV7099,http://203.201.61.110:7274/violation_images/2025/Nov/29/KA01MV7099_1764403010122.jpg
KA01D3852,http://203.201.61.110:7274/violation_images/2025/Nov/29/KA01D3852_1764402153058.jpg
KA12M4543,http://203.201.61.110:7274/violation_images/2025/Nov/29/KA12M4543_1764389818738.jpg
KA09MD0947,http://203.201.61.110:7274/violation_images/2025/Nov/29/KA09MD0947_1764404441760.jpg
KA51P9926,http://203.201.61.110:7274/violation_images/2025/Nov/29/KA51P9926_1764405418217.jpg
KA09MH6178,http://203.201.61.110:7274/violation_images/2025/Nov/29/KA09MH6178_1764395796441.jpg
KA09B2159,http://203.201.61.110:7274/violation_images/2025/Nov/29/KA09B2159_1764403200371.jpg
KA09AA1280,http://203.201.61.110:7274/violation_images/2025/Nov/29/KA09AA1280_1764392848658.jpg
KA09B5284,http://203.201.61.110:7274/violation_images/2025/Nov/29/KA09B5284_1764392579075.jpg
KA03ME6701,http://203.201.61.110:7274/violation_images/2025/Nov/29/KA03ME6701_1764401169530.jpg
KA55N0649,http://203.201.61.110:7274/violation_images/2025/Nov/29/KA55N0649_1764394470889.jpg
KA05NC4686,http://203.201.61.110:7274/violation_images/2025/Nov/29/KA05NC4686_1764404175839.jpg
KA06F0995,http://203.201.61.110:7274/violation_images/2025/Nov/29/KA06F0995_1764391620822.jpg
KA01MR3770,http://203.201.61.110:7274/violation_images/2025/Nov/29/KA01MR3770_1764404074288.jpg
KA09MF4049,http://203.201.61.110:7274/violation_images/2025/Nov/29/KA09MF4049_1764395982383.jpg
KA03MH9986,http://203.201.61.110:7274/violation_images/2025/Nov/29/KA03MH9986_1764379683835.jpg
KA09MC7003,http://203.201.61.110:7274/violation_images/2025/Nov/29/KA09MC7003_1764394651369.jpg
KA03MN2586,http://203.201.61.110:7274/violation_images/2025/Nov/29/KA03MN2586_1764403551278.jpg
KA09MF6548,http://203.201.61.110:7274/violation_images/2025/Nov/29/KA09MF6548_1764389268055.jpg
KA09D6326,http://203.201.61.110:7274/violation_images/2025/Nov/29/KA09D6326_1764382710141.jpg
KA14P5584,http://203.201.61.110:7274/violation_images/2025/Nov/29/KA14P5584_1764386660685.jpg
KA09MH3155,http://203.201.61.110:7274/violation_images/2025/Nov/29/KA09MH3155_1764404074287.jpg
KA09AA0169,http://203.201.61.110:7274/violation_images/2025/Nov/29/KA09AA0169_1764390847709.jpg
KA55M0770,http://203.201.61.110:7274/violation_images/2025/Nov/29/KA55M0770_1764394701422.jpg
KA09C0276,http://203.201.61.110:7274/violation_images/2025/Nov/29/KA09C0276_1764401356215.jpg
KA09ME7667,http://203.201.61.110:7274/violation_images/2025/Nov/29/KA09ME7667_1764389268148.jpg
KA21C0121,http://203.201.61.110:7274/violation_images/2025/Nov/29/KA21C0121_1764401833656.jpg
KA03ME7163,http://203.201.61.110:7274/violation_images/2025/Nov/29/KA03ME7163_1764379594780.jpg
KA09F4772,http://203.201.61.110:7274/violation_images/2025/Nov/29/KA09F4772_1764384725867.jpg
KA02MF9913,http://203.201.61.110:7274/violation_images/2025/Nov/29/KA02MF9913_1764389268143.jpg
KA09MB6190,http://203.201.61.110:7274/violation_images/2025/Nov/29/KA09MB6190_1764401761289.jpg
KA14A8362,http://203.201.61.110:7274/violation_images/2025/Nov/29/KA14A8362_1764405035861.jpg
KA05MJ1153,http://203.201.61.110:7274/violation_images/2025/Nov/29/KA05MJ1153_1764396728200.jpg
KA09MA0133,http://203.201.61.110:7274/violation_images/2025/Nov/29/KA09MA0133_1764418220145.jpg
KA03MM4036,http://203.201.61.110:7274/violation_images/2025/Nov/29/KA03MM4036_1764415285814.jpg
KA51Z9702,http://203.201.61.110:7274/violation_images/2025/Nov/29/KA51Z9702_1764417665043.jpg
KA03MB8917,http://203.201.61.110:7274/violation_images/2025/Nov/29/KA03MB8917_1764414874512.jpg
KA09N7907,http://203.201.61.110:7274/violation_images/2025/Nov/29/KA09N7907_1764423156556.jpg
KA04MX6687,http://203.201.61.110:7274/violation_images/2025/Nov/29/KA04MX6687_1764418096378.jpg
KA50Z4311,http://203.201.61.110:7274/violation_images/2025/Nov/29/KA50Z4311_1764413293093.jpg
KA53MC5724,http://203.201.61.110:7274/violation_images/2025/Nov/29/KA53MC5724_1764412954274.jpg
KA50P1237,http://203.201.61.110:7274/violation_images/2025/Nov/29/KA50P1237_1764418623165.jpg
KA35B2637,http://203.201.61.110:7274/violation_images/2025/Nov/29/KA35B2637_1764417420450.jpg
KA19MG3606,http://203.201.61.110:7274/violation_images/2025/Nov/29/KA19MG3606_1764419144448.jpg
KA05MY2735,http://203.201.61.110:7274/violation_images/2025/Nov/29/KA05MY2735_1764429910730.jpg
KA02MB7193,http://203.201.61.110:7274/violation_images/2025/Nov/29/KA02MB7193_1764421014622.jpg
KA03NA9263,http://203.201.61.110:7274/violation_images/2025/Nov/19/KA03NA9263_1763522389770.jpg
KA09Z2900,http://203.201.61.110:7274/violation_images/2025/Nov/19/KA09Z2900_1763521044680.jpg
KA53MA3963,http://203.201.61.110:7274/violation_images/2025/Nov/19/KA53MA3963_1763522874628.jpg
KA03ML8331,http://203.201.61.110:7274/violation_images/2025/Nov/19/KA03ML8331_1763525248862.jpg
KA09MD1058,http://203.201.61.110:7274/violation_images/2025/Nov/19/KA09MD1058_1763523164236.jpg
KA11F0443,http://203.201.61.110:7274/violation_images/2025/Nov/19/KA11F0443_1763525020527.jpg
KA42F1959,http://203.201.61.110:7274/violation_images/2025/Nov/19/KA42F1959_1763525020701.jpg
KA09MC9226,http://203.201.61.110:7274/violation_images/2025/Nov/19/KA09MC9226_1763522862945.jpg
KA09MB0537,http://203.201.61.110:7274/violation_images/2025/Nov/19/KA09MB0537_1763521709791.jpg
KA55A1793,http://203.201.61.110:7274/violation_images/2025/Nov/19/KA55A1793_1763521805911.jpg
KA09MB2348,http://203.201.61.110:7274/violation_images/2025/Nov/19/KA09MB2348_1763526154705.jpg
KA20N9814,http://203.201.61.110:7274/violation_images/2025/Nov/19/KA20N9814_1763522671645.jpg
KA25M3753,http://203.201.61.110:7274/violation_images/2025/Nov/19/KA25M3753_1763523400349.jpg
KA09AA2598,http://203.201.61.110:7274/violation_images/2025/Nov/19/KA09AA2598_1763548927815.jpg
KA03AD9581,http://203.201.61.110:7274/violation_images/2025/Nov/19/KA03AD9581_1763523991836.jpg
KA09N7337,http://203.201.61.110:7274/violation_images/2025/Nov/19/KA09N7337_1763522389755.jpg
KA09MB6742,http://203.201.61.110:7274/violation_images/2025/Nov/19/KA09MB6742_1763522302620.jpg
KA09MD9584,http://203.201.61.110:7274/violation_images/2025/Nov/19/KA09MD9584_1763524381801.jpg
KA09D2930,http://203.201.61.110:7274/violation_images/2025/Nov/19/KA09D2930_1763569415498.jpg
KA05MT6818,http://203.201.61.110:7274/violation_images/2025/Nov/19/KA05MT6818_1763570160570.jpg
KA11F0368,http://203.201.61.110:7274/violation_images/2025/Nov/20/KA11F0368_1763601731285.jpg
KA55M6896,http://203.201.61.110:7274/violation_images/2025/Nov/20/KA55M6896_1763602939293.jpg
KA12MA0034,http://203.201.61.110:7274/violation_images/2025/Nov/20/KA12MA0034_1763604802174.jpg
KA09N1106,http://203.201.61.110:7274/violation_images/2025/Nov/20/KA09N1106_1763604077753.jpg
KA09MA5058,http://203.201.61.110:7274/violation_images/2025/Nov/20/KA09MA5058_1763604560898.jpg
KA11M9152,http://203.201.61.110:7274/violation_images/2025/Nov/20/KA11M9152_1763602809678.jpg
KA05MJ4370,http://203.201.61.110:7274/violation_images/2025/Nov/20/KA05MJ4370_1763603610273.jpg
KA19MA8207,http://203.201.61.110:7274/violation_images/2025/Nov/20/KA19MA8207_1763601540701.jpg